Driver_Experience_Label,Low,Med,High
Low,0.5396953636622354,0.37529092194722924,0.0011064914064369566
Med,0.20095344392890063,0.5190086781843987,0.2066319822960783
High,0.0010472920800512803,0.3571719712970497,0.5296994338916876
