Speed_Limit_Label,Low,Med,High
Low,0.11934156378590728,0.5691674580558521,0.09544159544150492
Med,0.13119755533812436,0.5407596067890984,0.09591549228391746
High,0.1215622062749808,0.5193313893647403,0.1439625141832752
