Driver_Experience_Label,Low,Med,High
Low,0.0,0.4031260457820424,0.0
Med,0.0,0.35422757841195013,0.0
High,0.0,0.34786622127873806,0.0
