Label,P
Low,0.23456566586551378
Med,0.4787511203376329
High,0.2331117852243912
