,Traffic_Density,Speed_Limit,Number_of_Vehicles,Driver_Alcohol,Driver_Age,Driver_Experience,Accident
Traffic_Density,0.0,0.001127422531847073,0.0013295468317477796,0.0,0.0010713878941989742,0.002214883245694932,0.0
Speed_Limit,0.002449106617992545,0.0,0.05343543831991069,0.0,0.004570565013055172,0.005294676795340475,0.0
Number_of_Vehicles,0.002963357599758387,0.05482628477612929,0.0,0.0,0.0023536575007414647,0.002536115122410947,0.0
Driver_Alcohol,0.0,0.0,0.0,0.0,0.0,0.0,0.0
Driver_Age,0.0030306646513619,0.0059516866459977166,0.0029871290882369224,0.0,0.0,0.37723051390960793,0.0
Driver_Experience,0.006214836352425988,0.006839074459787862,0.0031927682787277756,0.0,0.37419202389019235,0.0,0.0
Accident,0.0,0.0,0.0,0.0,0.0,0.0,0.0
